Price,Close
Ticker,RELIANCE.NS
Date,
2020-01-01,672.2161865234375
2020-01-02,683.6602783203125
2020-01-03,684.4840087890625
2020-01-06,668.6092529296875
2020-01-07,678.8956298828125
2020-01-08,673.7969970703125
2020-01-09,689.3154296875
2020-01-10,689.1596069335938
2020-01-13,687.4007568359375
2020-01-14,681.032958984375
2020-01-15,678.5615844726562
2020-01-16,684.8179321289062
2020-01-17,704.0101928710938
2020-01-20,682.3467407226562
2020-01-21,683.036865234375
2020-01-22,682.7919311523438
2020-01-23,679.8975830078125
2020-01-24,677.5374145507812
2020-01-27,670.8580932617188
2020-01-28,655.3617553710938
2020-01-29,658.9686279296875
2020-01-30,642.8935546875
2020-01-31,628.599609375
2020-02-03,616.955078125
2020-02-04,635.167724609375
2020-02-05,645.0086669921875
2020-02-06,649.14990234375
2020-02-07,638.3961181640625
2020-02-10,639.264404296875
2020-02-11,646.9011840820312
2020-02-12,654.7161865234375
2020-02-13,656.4305419921875
2020-02-14,662.4197387695312
2020-02-17,658.256103515625
2020-02-18,653.4247436523438
2020-02-19,669.6333618164062
2020-02-20,661.6849365234375
2020-02-24,643.4278564453125
2020-02-25,630.7149047851562
2020-02-26,619.8495483398438
2020-02-27,617.2892456054688
2020-02-28,591.64013671875
2020-03-02,586.0740356445312
2020-03-03,597.96337890625
2020-03-04,596.5606689453125
2020-03-05,583.8475952148438
2020-03-06,565.9689331054688
2020-03-09,496.12457275390625
2020-03-11,513.6691284179688
2020-03-12,473.3477783203125
2020-03-13,492.1837158203125
2020-03-16,452.2853698730469
2020-03-17,448.85662841796875
2020-03-18,431.2674560546875
2020-03-19,408.6465759277344
2020-03-20,453.2872619628906
2020-03-23,393.6623840332031
2020-03-24,420.090576171875
2020-03-25,481.9197082519531
2020-03-26,474.7726745605469
2020-03-27,474.5055847167969
2020-03-30,458.8534240722656
2020-03-31,495.9464416503906
2020-04-01,481.1181640625
2020-04-03,479.78228759765625
2020-04-07,537.0693359375
2020-04-08,530.8574829101562
2020-04-09,543.2367553710938
2020-04-13,529.5216064453125
2020-04-15,512.0215454101562
2020-04-16,520.1259765625
2020-04-17,545.0401000976562
2020-04-20,553.85693359375
2020-04-21,550.9848022460938
2020-04-22,607.2032470703125
2020-04-23,610.453857421875
2020-04-24,630.9820556640625
2020-04-27,636.6594848632812
2020-04-28,635.947021484375
2020-04-29,635.4127197265625
2020-04-30,652.8013305664062
2020-05-04,639.0862426757812
2020-05-05,650.4190673828125
2020-05-06,650.4635620117188
2020-05-07,671.0361328125
2020-05-08,695.4606323242188
2020-05-11,702.1399536132812
2020-05-12,658.7015380859375
2020-05-13,672.677001953125
2020-05-14,645.4812622070312
2020-05-15,656.0224609375
2020-05-18,647.6389770507812
2020-05-19,633.3218383789062
2020-05-20,644.4699096679688
2020-05-21,647.86376953125
2020-05-22,643.5034790039062
2020-05-26,640.1321411132812
2020-05-27,649.796630859375
2020-05-28,661.7987060546875
2020-05-29,658.27001953125
2020-06-01,683.42041015625
2020-06-02,690.3204345703125
2020-06-03,692.9951171875
2020-06-04,710.1441040039062
2020-06-05,710.9981079101562
2020-06-08,705.5140991210938
2020-06-09,690.9722290039062
2020-06-10,706.7052612304688
2020-06-11,691.219482421875
2020-06-12,714.1897583007812
2020-06-15,725.7647705078125
2020-06-16,727.1807250976562
2020-06-17,726.1243896484375
2020-06-18,744.3521728515625
2020-06-19,790.876953125
2020-06-22,784.9208984375
2020-06-23,773.5706176757812
2020-06-24,776.6947631835938
2020-06-25,772.2220458984375
2020-06-26,782.898193359375
2020-06-29,774.5820922851562
2020-06-30,766.0188598632812
2020-07-01,781.07763671875
2020-07-02,794.524169921875
2020-07-03,806.9586791992188
2020-07-06,835.799560546875
2020-07-07,823.0040283203125
2020-07-08,811.517333984375
2020-07-09,823.3650512695312
2020-07-10,847.6473999023438
2020-07-13,873.3514404296875
2020-07-14,865.227294921875
2020-07-15,832.2791137695312
2020-07-16,832.00830078125
2020-07-17,862.8351440429688
2020-07-20,866.5361938476562
2020-07-21,889.8480224609375
2020-07-22,904.4942016601562
2020-07-23,928.7765502929688
2020-07-24,968.6528930664062
2020-07-27,973.1889038085938
2020-07-28,982.8927001953125
2020-07-29,946.3112182617188
2020-07-30,951.8177490234375
2020-07-31,932.9740600585938
2020-08-03,906.7509765625
2020-08-04,970.6613159179688
2020-08-05,959.7613525390625
2020-08-06,963.2141723632812
2020-08-07,968.7882080078125
2020-08-10,956.7824096679688
2020-08-11,963.0787963867188
2020-08-12,960.2803955078125
2020-08-13,957.775390625
2020-08-14,954.0518798828125
2020-08-17,943.9192504882812
2020-08-18,956.19580078125
2020-08-19,962.063232421875
2020-08-20,946.4918212890625
2020-08-21,939.63134765625
2020-08-24,945.9050903320312
2020-08-25,939.7442016601562
2020-08-26,964.658447265625
2020-08-27,952.6076049804688
2020-08-28,955.1124877929688
2020-08-31,939.1124267578125
2020-09-01,942.0687255859375
2020-09-02,960.5512084960938
2020-09-03,953.2845458984375
2020-09-04,937.5552368164062
2020-09-07,939.992431640625
2020-09-08,951.0278930664062
2020-09-09,975.5132446289062
2020-09-10,1044.4110107421875
2020-09-11,1047.0062255859375
2020-09-14,1039.2432861328125
2020-09-15,1046.5999755859375
2020-09-16,1049.1724853515625
2020-09-17,1037.528076171875
2020-09-18,1040.6650390625
2020-09-21,1018.1653442382812
2020-09-22,997.990234375
2020-09-23,1006.8590698242188
2020-09-24,984.4724731445312
2020-09-25,993.7250366210938
2020-09-28,1000.2921142578125
2020-09-29,1013.2908325195312
2020-09-30,1008.4615478515625
2020-10-01,1004.354248046875
2020-10-05,998.4641723632812
2020-10-06,997.629150390625
2020-10-07,1018.9102172851562
2020-10-08,1010.6729736328125
2020-10-09,1008.0552978515625
2020-10-12,1009.679931640625
2020-10-13,1029.381103515625
2020-10-14,1032.450439453125
2020-10-15,995.8915405273438
2020-10-16,982.0352172851562
2020-10-19,982.2157592773438
2020-10-20,973.053466796875
2020-10-21,958.9263916015625
2020-10-22,950.9601440429688
2020-10-23,953.7133178710938
2020-10-26,915.8229370117188
2020-10-27,918.2603149414062
2020-10-28,907.8568115234375
2020-10-29,914.830078125
2020-10-30,927.2870483398438
2020-11-02,847.3766479492188
2020-11-03,835.167724609375
2020-11-04,863.5121459960938
2020-11-05,882.37841796875
2020-11-06,915.8455810546875
2020-11-09,925.5719604492188
2020-11-10,940.85009765625
2020-11-11,901.425048828125
2020-11-12,893.6619262695312
2020-11-13,901.0640258789062
2020-11-14,903.7269897460938
2020-11-17,899.6422729492188
2020-11-18,896.9117431640625
2020-11-19,890.5703125
2020-11-20,857.3287963867188
2020-11-23,880.4375610351562
2020-11-24,886.4630737304688
2020-11-25,879.128662109375
2020-11-26,881.2950439453125
2020-11-27,871.0044555664062
2020-12-01,882.3331909179688
2020-12-02,883.8001098632812
2020-12-03,886.4630737304688
2020-12-04,878.65478515625
2020-12-07,883.8226318359375
2020-12-08,899.8679809570312
2020-12-09,914.8526000976562
2020-12-10,905.8482666015625
2020-12-11,905.3067626953125
2020-12-14,898.7621459960938
2020-12-15,891.1118774414062
2020-12-16,892.1048583984375
2020-12-17,896.189453125
2020-12-18,898.875
2020-12-21,875.4727783203125
2020-12-22,874.1187744140625
2020-12-23,877.3458862304688
2020-12-24,900.0484619140625
2020-12-28,904.1782836914062
2020-12-29,898.1980590820312
2020-12-30,900.6577758789062
2020-12-31,896.0540771484375
2021-01-01,897.047119140625
2021-01-04,898.55908203125
2021-01-05,887.3882446289062
2021-01-06,863.9861450195312
2021-01-07,862.5869140625
2021-01-08,872.7647094726562
2021-01-11,856.313232421875
2021-01-12,883.3035888671875
2021-01-13,875.0665893554688
2021-01-14,884.9059448242188
2021-01-15,874.4573364257812
2021-01-18,895.4447631835938
2021-01-19,910.0908203125
2021-01-20,927.3773193359375
2021-01-21,947.552490234375
2021-01-22,925.0755615234375
2021-01-25,876.0595092773438
2021-01-27,855.2976684570312
2021-01-28,846.9703979492188
2021-01-29,831.353759765625
2021-02-01,855.4331665039062
2021-02-02,869.1990966796875
2021-02-03,871.3881225585938
2021-02-04,868.5220947265625
2021-02-05,868.2738647460938
2021-02-08,880.776123046875
2021-02-09,882.8973999023438
2021-02-10,891.0892333984375
2021-02-11,927.8286743164062
2021-02-12,921.46484375
2021-02-15,917.402587890625
2021-02-16,929.5438232421875
2021-02-17,940.2633056640625
2021-02-18,933.2448120117188
2021-02-19,938.9318237304688
2021-02-22,906.3446655273438
2021-02-23,913.2728881835938
2021-02-24,930.2208251953125
2021-02-25,967.8404541015625
2021-02-26,941.4141845703125
2021-03-01,948.5905151367188
2021-03-02,950.5313720703125
2021-03-03,993.9055786132812
2021-03-04,982.0578002929688
2021-03-05,983.3440551757812
2021-03-08,988.9407958984375
2021-03-09,988.9180908203125
2021-03-10,984.8109130859375
2021-03-12,964.7939453125
2021-03-15,951.8402099609375
2021-03-16,948.0941772460938
2021-03-17,927.6707763671875
2021-03-18,906.7960205078125
2021-03-19,939.6990966796875
2021-03-22,930.8526611328125
2021-03-23,942.1815185546875
2021-03-24,924.0374145507812
2021-03-25,898.829833984375
2021-03-26,900.274169921875
2021-03-30,915.9132690429688
2021-03-31,904.0879516601562
2021-04-01,912.55078125
2021-04-05,899.348876953125
2021-04-06,895.602783203125
2021-04-07,903.9751586914062
2021-04-08,905.1034545898438
2021-04-09,894.5872192382812
2021-04-12,862.5869140625
2021-04-13,871.9072265625
2021-04-15,877.5489501953125
2021-04-16,872.0426025390625
2021-04-19,858.3217163085938
2021-04-20,858.073486328125
2021-04-22,860.4429931640625
2021-04-23,859.517822265625
2021-04-26,874.6376953125
2021-04-27,897.5661010742188
2021-04-28,901.47021484375
2021-04-29,913.5437622070312
2021-04-30,900.2064819335938
2021-05-03,884.2063598632812
2021-05-04,865.0467529296875
2021-05-05,866.62646484375
2021-05-06,871.5460205078125
2021-05-07,871.8846435546875
2021-05-10,869.379638671875
2021-05-11,872.5165405273438
2021-05-12,863.4895629882812
2021-05-14,874.3895874023438
2021-05-17,884.7931518554688
2021-05-18,897.2501831054688
2021-05-19,901.3573608398438
2021-05-20,896.09912109375
2021-05-21,903.8397216796875
2021-05-24,896.2120361328125
2021-05-25,886.056884765625
2021-05-26,889.171142578125
2021-05-27,891.9017333984375
2021-05-28,945.476318359375
2021-05-31,975.039306640625
2021-06-01,978.9210205078125
2021-06-02,993.5218505859375
2021-06-03,997.313232421875
2021-06-04,988.6700439453125
2021-06-07,1005.3245239257812
2021-06-08,999.5473022460938
2021-06-09,981.6741333007812
2021-06-10,985.2848510742188
2021-06-11,1002.375244140625
2021-06-14,1016.7553100585938
2021-06-15,1019.0652465820312
2021-06-16,1001.6732788085938
2021-06-17,1003.5075073242188
2021-06-18,1008.0367431640625
2021-06-21,1013.29052734375
2021-06-22,1008.08203125
2021-06-23,998.842529296875
2021-06-24,975.3587036132812
2021-06-25,953.14306640625
2021-06-28,944.7867431640625
2021-06-29,945.60205078125
2021-06-30,955.9512329101562
2021-07-01,950.1991577148438
2021-07-02,964.2847900390625
2021-07-05,973.8640747070312
2021-07-06,962.3599853515625
2021-07-07,955.679443359375
2021-07-08,947.7760009765625
2021-07-09,938.0836181640625
2021-07-12,943.92626953125
2021-07-13,950.9917602539062
2021-07-14,944.7867431640625
2021-07-15,943.1336669921875
2021-07-16,956.7437744140625
2021-07-19,950.652099609375
2021-07-20,948.3195190429688
2021-07-22,960.5029907226562
2021-07-23,953.7093505859375
2021-07-26,940.642578125
2021-07-27,930.7462768554688
2021-07-28,922.7523193359375
2021-07-29,929.9536743164062
2021-07-30,921.8238525390625
2021-08-02,938.6724243164062
2021-08-03,945.579345703125
2021-08-04,952.8261108398438
2021-08-05,966.6400756835938
2021-08-06,946.168212890625
2021-08-09,940.7784423828125
2021-08-10,945.7152099609375
2021-08-11,958.963134765625
2021-08-12,955.88330078125
2021-08-13,971.8032836914062
2021-08-16,984.4171142578125
2021-08-17,980.2276000976562
2021-08-18,984.0321044921875
2021-08-20,972.9808959960938
2021-08-23,979.3671264648438
2021-08-24,989.0369262695312
2021-08-25,997.5969848632812
2021-08-26,1010.2107543945312
2021-08-27,1008.829345703125
2021-08-30,1028.23681640625
2021-08-31,1022.756591796875
2021-09-01,1026.8101806640625
2021-09-02,1039.1749267578125
2021-09-03,1081.79443359375
2021-09-06,1098.5977783203125
2021-09-07,1105.5274658203125
2021-09-08,1101.201904296875
2021-09-09,1098.5977783203125
2021-09-13,1074.117431640625
2021-09-14,1072.7135009765625
2021-09-15,1077.1746826171875
2021-09-16,1099.7752685546875
2021-09-17,1082.7227783203125
2021-09-20,1084.444091796875
2021-09-21,1089.1317138671875
2021-09-22,1100.8170166015625
2021-09-23,1127.720458984375
2021-09-24,1124.459228515625
2021-09-27,1143.3685302734375
2021-09-28,1154.0574951171875
2021-09-29,1144.9085693359375
2021-09-30,1141.01318359375
2021-10-01,1143.029052734375
2021-10-04,1157.72607421875
2021-10-05,1181.7532958984375
2021-10-06,1159.4019775390625
2021-10-07,1165.0860595703125
2021-10-08,1209.8570556640625
2021-10-11,1201.4326171875
2021-10-12,1208.29443359375
2021-10-13,1220.591064453125
2021-10-14,1223.0595703125
2021-10-18,1226.320556640625
2021-10-19,1237.3037109375
2021-10-20,1223.0595703125
2021-10-21,1187.777099609375
2021-10-22,1189.9964599609375
2021-10-25,1178.40185546875
2021-10-26,1205.237060546875
2021-10-27,1189.9964599609375
2021-10-28,1176.952392578125
2021-10-29,1148.713134765625
2021-11-01,1149.4151611328125
2021-11-02,1132.6572265625
2021-11-03,1124.8670654296875
2021-11-04,1131.77392578125
2021-11-08,1133.1781005859375
2021-11-09,1142.1231689453125
2021-11-10,1154.8953857421875
2021-11-11,1157.0015869140625
2021-11-12,1174.4613037109375
2021-11-15,1167.5318603515625
2021-11-16,1140.402099609375
2021-11-17,1115.9896240234375
2021-11-18,1120.201904296875
2021-11-22,1070.5848388671875
2021-11-23,1080.5941162109375
2021-11-24,1064.9910888671875
2021-11-25,1129.1016845703125
2021-11-26,1092.709716796875
2021-11-29,1105.7991943359375
2021-11-30,1089.44873046875
2021-12-01,1117.3486328125
2021-12-02,1124.5272216796875
2021-12-03,1090.7396240234375
2021-12-06,1070.06396484375
2021-12-07,1078.782470703125
2021-12-08,1095.20068359375
2021-12-09,1112.5701904296875
2021-12-10,1113.7025146484375
2021-12-13,1091.3736572265625
2021-12-14,1078.012451171875
2021-12-15,1074.8648681640625
2021-12-16,1088.769287109375
2021-12-17,1060.0318603515625
2021-12-20,1031.4527587890625
2021-12-21,1046.806396484375
2021-12-22,1071.64892578125
2021-12-23,1071.26416015625
2021-12-24,1074.6837158203125
2021-12-27,1073.5286865234375
2021-12-28,1086.2781982421875
2021-12-29,1088.1353759765625
2021-12-30,1068.4786376953125
2021-12-31,1072.57763671875
2022-01-03,1088.7467041015625
2022-01-04,1113.317626953125
2022-01-05,1118.5260009765625
2022-01-06,1094.4761962890625
2022-01-07,1103.3079833984375
2022-01-10,1104.2139892578125
2022-01-11,1112.1627197265625
2022-01-12,1141.8514404296875
2022-01-13,1148.2828369140625
2022-01-14,1149.9586181640625
2022-01-17,1155.9595947265625
2022-01-18,1142.16845703125
2022-01-19,1142.0777587890625
2022-01-20,1122.08154296875
2022-01-21,1122.2626953125
2022-01-24,1076.9935302734375
2022-01-25,1074.887451171875
2022-01-27,1058.96728515625
2022-01-28,1057.9483642578125
2022-01-31,1080.9339599609375
2022-02-01,1077.3558349609375
2022-02-02,1079.552490234375
2022-02-03,1065.6025390625
2022-02-04,1055.887451171875
2022-02-07,1049.456298828125
2022-02-08,1067.09716796875
2022-02-09,1079.5299072265625
2022-02-10,1078.4202880859375
2022-02-11,1076.314208984375
2022-02-14,1059.171142578125
2022-02-15,1095.1328125
2022-02-16,1092.8682861328125
2022-02-17,1106.704833984375
2022-02-18,1098.0543212890625
2022-02-21,1086.957763671875
2022-02-22,1082.0208740234375
2022-02-23,1075.249755859375
2022-02-24,1021.6696166992188
2022-02-25,1034.4420166015625
2022-02-28,1068.6824951171875
2022-03-02,1086.346435546875
2022-03-03,1077.1746826171875
2022-03-04,1053.283203125
2022-03-07,1014.33251953125
2022-03-08,1012.4979248046875
2022-03-09,1066.214111328125
2022-03-10,1083.4927978515625
2022-03-11,1086.617919921875
2022-03-14,1095.5404052734375
2022-03-15,1070.4488525390625
2022-03-16,1088.5201416015625
2022-03-17,1124.0064697265625
2022-03-21,1117.5296630859375
2022-03-22,1146.4033203125
2022-03-23,1150.049072265625
2022-03-24,1167.916748046875
2022-03-25,1175.7069091796875
2022-03-28,1187.5281982421875
2022-03-29,1187.7999267578125
2022-03-30,1210.6270751953125
2022-03-31,1193.325439453125
2022-04-01,1202.882080078125
2022-04-04,1206.4375
2022-04-05,1189.3848876953125
2022-04-06,1186.2147216796875
2022-04-07,1165.2899169921875
2022-04-08,1184.6746826171875
2022-04-11,1182.206298828125
2022-04-12,1159.9454345703125
2022-04-13,1155.68798828125
2022-04-18,1152.1552734375
2022-04-19,1196.065673828125
2022-04-20,1231.234619140625
2022-04-21,1260.0628662109375
2022-04-22,1249.5098876953125
2022-04-25,1220.6138916015625
2022-04-26,1257.1416015625
2022-04-27,1258.364501953125
2022-04-28,1277.16064453125
2022-04-29,1263.7542724609375
2022-05-02,1259.3155517578125
2022-05-04,1220.0023193359375
2022-05-05,1196.11083984375
2022-05-06,1186.9393310546875
2022-05-09,1140.583251953125
2022-05-10,1120.813232421875
2022-05-11,1109.331787109375
2022-05-12,1086.731201171875
2022-05-13,1099.050537109375
2022-05-16,1099.3223876953125
2022-05-17,1145.497314453125
2022-05-18,1149.6641845703125
2022-05-19,1123.1685791015625
2022-05-20,1188.660400390625
2022-05-23,1180.7117919921875
2022-05-24,1184.765380859375
2022-05-25,1183.021728515625
2022-05-26,1171.7440185546875
2022-05-27,1166.308837890625
2022-05-30,1206.935546875
2022-05-31,1192.3743896484375
2022-06-01,1192.7593994140625
2022-06-02,1233.8843994140625
2022-06-03,1258.88525390625
2022-06-06,1253.4730224609375
2022-06-07,1255.828125
2022-06-08,1233.7711181640625
2022-06-09,1267.6041259765625
2022-06-10,1229.33251953125
2022-06-13,1206.0750732421875
2022-06-14,1190.3135986328125
2022-06-15,1175.910888671875
2022-06-16,1159.4698486328125
2022-06-17,1173.0574951171875
2022-06-20,1151.79296875
2022-06-21,1170.3851318359375
2022-06-22,1134.8310546875
2022-06-23,1116.419921875
2022-06-24,1132.3175048828125
2022-06-27,1128.9656982421875
2022-06-28,1144.840576171875
2022-06-29,1168.5960693359375
2022-06-30,1175.6165771484375
2022-07-01,1090.943359375
2022-07-04,1093.2078857421875
2022-07-05,1102.0625
2022-07-06,1092.3701171875
2022-07-07,1081.6134033203125
2022-07-08,1083.1080322265625
2022-07-11,1097.82763671875
2022-07-12,1096.2650146484375
2022-07-13,1076.8349609375
2022-07-14,1085.712158203125
2022-07-15,1087.818115234375
2022-07-18,1097.08056640625
2022-07-19,1103.8062744140625
2022-07-20,1133.653564453125
2022-07-21,1126.0897216796875
2022-07-22,1133.6988525390625
2022-07-25,1096.2425537109375
2022-07-26,1096.74072265625
2022-07-27,1095.6990966796875
2022-07-28,1112.8646240234375
2022-07-29,1136.5748291015625
2022-08-01,1166.1956787109375
2022-08-02,1170.6343994140625
2022-08-03,1180.4625244140625
2022-08-04,1164.859619140625
2022-08-05,1147.6939697265625
2022-08-08,1162.708251953125
2022-08-10,1169.66064453125
2022-08-11,1173.5556640625
2022-08-12,1192.5328369140625
2022-08-16,1200.8212890625
2022-08-17,1207.0941162109375
2022-08-18,1209.2833251953125
2022-08-19,1187.7220458984375
2022-08-22,1184.427734375
2022-08-23,1202.6944580078125
2022-08-24,1199.4910888671875
2022-08-25,1195.9921875
2022-08-26,1189.6077880859375
2022-08-29,1180.36083984375
2022-08-30,1198.6729736328125
2022-09-01,1163.4346923828125
2022-09-02,1149.8482666015625
2022-09-05,1167.7059326171875
2022-09-06,1179.9974365234375
2022-09-07,1173.1361083984375
2022-09-08,1174.79443359375
2022-09-09,1167.4788818359375
2022-09-12,1180.5426025390625
2022-09-13,1190.403076171875
2022-09-14,1176.135009765625
2022-09-15,1164.4798583984375
2022-09-16,1135.625732421875
2022-09-19,1137.1025390625
2022-09-20,1137.2841796875
2022-09-21,1140.4195556640625
2022-09-22,1129.673095703125
2022-09-23,1108.498291015625
2022-09-26,1080.2576904296875
2022-09-27,1088.8455810546875
2022-09-28,1059.8551025390625
2022-09-29,1056.606201171875
2022-09-30,1080.439453125
2022-10-03,1076.690673828125
2022-10-04,1096.5477294921875
2022-10-06,1100.591552734375
2022-10-07,1105.2493896484375
2022-10-10,1093.1851806640625
2022-10-11,1071.4195556640625
2022-10-12,1079.3033447265625
2022-10-13,1082.7340087890625
2022-10-14,1077.2357177734375
2022-10-17,1094.525634765625
2022-10-18,1113.83740234375
2022-10-19,1133.2174072265625
2022-10-20,1136.2618408203125
2022-10-21,1123.0843505859375
2022-10-24,1126.833251953125
2022-10-25,1109.4298095703125
2022-10-27,1113.7918701171875
2022-10-28,1147.871826171875
2022-10-31,1158.5272216796875
2022-11-01,1149.5528564453125
2022-11-02,1156.7322998046875
2022-11-03,1161.0491943359375
2022-11-04,1178.1343994140625
2022-11-07,1184.427734375
2022-11-09,1183.246337890625
2022-11-10,1168.9329833984375
2022-11-11,1195.8785400390625
2022-11-14,1190.0850830078125
2022-11-15,1184.745849609375
2022-11-16,1177.95263671875
2022-11-17,1180.9970703125
2022-11-18,1180.36083984375
2022-11-21,1159.1180419921875
2022-11-22,1165.547607421875
2022-11-23,1161.9124755859375
2022-11-24,1171.931884765625
2022-11-25,1189.4261474609375
2022-11-28,1230.2991943359375
2022-11-29,1232.4119873046875
2022-11-30,1241.1136474609375
2022-12-01,1237.455810546875
2022-12-02,1236.93310546875
2022-12-05,1218.893798828125
2022-12-06,1222.4151611328125
2022-12-07,1204.375732421875
2022-12-08,1203.8077392578125
2022-12-09,1185.563720703125
2022-12-12,1187.38134765625
2022-12-13,1192.7886962890625
2022-12-14,1188.471923828125
2022-12-15,1171.591064453125
2022-12-16,1165.797607421875
2022-12-19,1181.1107177734375
2022-12-20,1191.334716796875
2022-12-21,1174.3856201171875
2022-12-22,1171.3411865234375
2022-12-23,1136.9888916015625
2022-12-26,1146.9173583984375
2022-12-27,1156.3006591796875
2022-12-28,1156.1871337890625
2022-12-29,1155.66455078125
2022-12-30,1157.4365234375
2023-01-02,1170.477783203125
2023-01-03,1161.9124755859375
2023-01-04,1144.418212890625
2023-01-05,1142.37353515625
2023-01-06,1152.7564697265625
2023-01-09,1179.974609375
2023-01-10,1162.5260009765625
2023-01-11,1147.871826171875
2023-01-12,1123.0843505859375
2023-01-13,1121.266845703125
2023-01-16,1110.5885009765625
2023-01-17,1126.3560791015625
2023-01-18,1124.492919921875
2023-01-19,1123.2889404296875
2023-01-20,1109.9296875
2023-01-23,1104.3177490234375
2023-01-24,1097.7972412109375
2023-01-25,1082.620361328125
2023-01-27,1062.0816650390625
2023-01-30,1072.2603759765625
2023-01-31,1069.5792236328125
2023-02-01,1063.240478515625
2023-02-02,1057.35595703125
2023-02-03,1058.28759765625
2023-02-06,1050.3128662109375
2023-02-07,1047.791015625
2023-02-08,1068.7159423828125
2023-02-09,1070.578857421875
2023-02-10,1061.763671875
2023-02-13,1055.72021484375
2023-02-14,1080.598388671875
2023-02-15,1105.0675048828125
2023-02-16,1104.2042236328125
2023-02-17,1108.8162841796875
2023-02-20,1097.093017578125
2023-02-21,1106.0445556640625
2023-02-22,1080.9619140625
2023-02-23,1075.78173828125
2023-02-24,1083.1429443359375
2023-02-27,1075.9407958984375
2023-02-28,1055.356689453125
2023-03-01,1065.0579833984375
2023-03-02,1056.947021484375
2023-03-03,1083.9154052734375
2023-03-06,1094.5028076171875
2023-03-08,1098.433349609375
2023-03-09,1072.032958984375
2023-03-10,1055.4248046875
2023-03-13,1038.06689453125
2023-03-14,1034.181884765625
2023-03-15,1016.5057983398438
2023-03-16,1011.4392700195312
2023-03-17,1010.1671142578125
2023-03-20,1000.2384643554688
2023-03-21,1031.3416748046875
2023-03-22,1034.477294921875
2023-03-23,1021.3906860351562
2023-03-24,1001.169921875
2023-03-27,1016.73291015625
2023-03-28,1021.4815673828125
2023-03-29,1015.43798828125
2023-03-31,1059.2191162109375
2023-04-03,1059.40087890625
2023-04-05,1056.856201171875
2023-04-06,1063.9447021484375
2023-04-10,1056.4017333984375
2023-04-11,1061.627197265625
2023-04-12,1066.3076171875
2023-04-13,1070.3291015625
2023-04-17,1075.759033203125
2023-04-18,1063.44482421875
2023-04-19,1068.7386474609375
2023-04-20,1066.034912109375
2023-04-21,1067.37548828125
2023-04-24,1071.465087890625
2023-04-25,1079.666748046875
2023-04-26,1073.3280029296875
2023-04-27,1080.1212158203125
2023-04-28,1099.86474609375
2023-05-02,1109.2025146484375
2023-05-03,1099.6829833984375
2023-05-04,1112.360595703125
2023-05-05,1109.5206298828125
2023-05-08,1123.220703125
2023-05-09,1126.69677734375
2023-05-10,1134.4443359375
2023-05-11,1127.0377197265625
2023-05-12,1128.8779296875
2023-05-15,1131.1044921875
2023-05-16,1114.99609375
2023-05-17,1108.4072265625
2023-05-18,1106.0218505859375
2023-05-19,1109.6114501953125
2023-05-22,1115.541259765625
2023-05-23,1115.3369140625
2023-05-24,1108.8389892578125
2023-05-25,1108.7027587890625
2023-05-26,1138.94287109375
2023-05-29,1145.349609375
2023-05-30,1145.054443359375
2023-05-31,1122.311767578125
2023-06-01,1119.2901611328125
2023-06-02,1115.63232421875
2023-06-05,1125.6517333984375
2023-06-06,1126.6058349609375
2023-06-07,1135.1485595703125
2023-06-08,1135.830078125
2023-06-09,1127.787353515625
2023-06-12,1128.787109375
2023-06-13,1145.4632568359375
2023-06-14,1159.549560546875
2023-06-15,1159.86767578125
2023-06-16,1171.1595458984375
2023-06-19,1159.52685546875
2023-06-20,1161.9351806640625
2023-06-21,1165.206787109375
2023-06-22,1152.1202392578125
2023-06-23,1142.691650390625
2023-06-26,1133.967041015625
2023-06-27,1134.376220703125
2023-06-28,1149.3939208984375
2023-06-30,1158.822509765625
2023-07-03,1188.562744140625
2023-07-04,1176.3167724609375
2023-07-05,1174.3856201171875
2023-07-06,1199.03662109375
2023-07-07,1196.6964111328125
2023-07-10,1242.794921875
2023-07-11,1256.2677001953125
2023-07-12,1257.6536865234375
2023-07-13,1246.4072265625
2023-07-14,1245.3623046875
2023-07-17,1270.808349609375
2023-07-18,1281.600341796875
2023-07-19,1291.3243408203125
2023-07-20,1289.7603759765625
2023-07-21,1249.834716796875
2023-07-24,1224.554931640625
2023-07-25,1223.767333984375
2023-07-26,1243.65625
2023-07-27,1232.087158203125
2023-07-28,1244.46875
2023-07-31,1255.00390625
2023-08-01,1237.25634765625
2023-08-02,1224.0382080078125
2023-08-03,1218.8935546875
2023-08-04,1235.4593505859375
2023-08-07,1242.49951171875
2023-08-08,1235.016357421875
2023-08-09,1243.1639404296875
2023-08-10,1248.7025146484375
2023-08-11,1253.969970703125
2023-08-14,1268.7884521484375
2023-08-16,1267.754638671875
2023-08-17,1249.4654541015625
2023-08-18,1258.7208251953125
2023-08-21,1244.986328125
2023-08-22,1244.68994140625
2023-08-23,1246.0732421875
2023-08-24,1225.1259765625
2023-08-25,1219.46923828125
2023-08-28,1207.3155517578125
2023-08-29,1195.755126953125
2023-08-30,1194.618896484375
2023-08-31,1189.15966796875
2023-09-01,1191.9508056640625
2023-09-04,1190.987548828125
2023-09-05,1197.36083984375
2023-09-06,1199.88037109375
2023-09-07,1201.5106201171875
2023-09-08,1209.51416015625
2023-09-11,1222.556884765625
2023-09-12,1204.8948974609375
2023-09-13,1210.9222412109375
2023-09-14,1212.03369140625
2023-09-15,1214.2816162109375
2023-09-18,1203.709228515625
2023-09-20,1176.8826904296875
2023-09-21,1168.31103515625
2023-09-22,1163.4447021484375
2023-09-25,1156.2811279296875
2023-09-26,1157.2939453125
2023-09-27,1170.336669921875
2023-09-28,1153.14404296875
2023-09-29,1158.529052734375
2023-10-03,1145.263916015625
2023-10-04,1143.2877197265625
2023-10-05,1143.26318359375
2023-10-06,1145.1898193359375
2023-10-09,1135.4324951171875
2023-10-10,1140.447021484375
2023-10-11,1158.5537109375
2023-10-12,1160.7027587890625
2023-10-13,1160.6534423828125
2023-10-16,1158.0596923828125
2023-10-17,1163.5928955078125
2023-10-18,1148.1541748046875
2023-10-19,1139.33544921875
2023-10-20,1135.8525390625
2023-10-23,1118.1163330078125
2023-10-25,1115.522705078125
2023-10-26,1099.98486328125
2023-10-27,1119.40087890625
2023-10-30,1142.47265625
2023-10-31,1130.3192138671875
2023-11-01,1135.0125732421875
2023-11-02,1146.2767333984375
2023-11-03,1146.0296630859375
2023-11-06,1155.564697265625
2023-11-07,1148.0552978515625
2023-11-08,1154.033203125
2023-11-09,1141.50927734375
2023-11-10,1143.6583251953125
2023-11-13,1143.51025390625
2023-11-15,1164.185791015625
2023-11-16,1166.285400390625
2023-11-17,1163.7412109375
2023-11-20,1160.6781005859375
2023-11-21,1175.2769775390625
2023-11-22,1179.87158203125
2023-11-23,1183.4781494140625
2023-11-24,1182.6876220703125
2023-11-28,1182.9346923828125
2023-11-29,1186.047119140625
2023-11-30,1174.5606689453125
2023-12-01,1182.88525390625
2023-12-04,1195.6810302734375
2023-12-05,1204.3514404296875
2023-12-06,1215.8873291015625
2023-12-07,1213.8863525390625
2023-12-08,1213.244140625
2023-12-11,1215.022705078125
2023-12-12,1197.5830078125
2023-12-13,1202.4739990234375
2023-12-14,1217.39404296875
2023-12-15,1232.9317626953125
2023-12-18,1245.48046875
2023-12-19,1263.809326171875
2023-12-20,1248.518798828125
2023-12-21,1266.0079345703125
2023-12-22,1267.2430419921875
2023-12-26,1273.66552734375
2023-12-27,1278.01318359375
2023-12-28,1287.251708984375
2023-12-29,1277.0743408203125
2024-01-01,1279.69287109375
2024-01-02,1290.2900390625
2024-01-03,1276.25927734375
2024-01-04,1282.8546142578125
2024-01-05,1288.3138427734375
2024-01-08,1278.2601318359375
2024-01-09,1274.8759765625
2024-01-10,1309.2613525390625
2024-01-11,1343.6961669921875
2024-01-12,1354.3919677734375
2024-01-15,1377.5133056640625
2024-01-16,1358.2454833984375
2024-01-17,1345.3509521484375
2024-01-18,1351.6500244140625
2024-01-19,1351.156005859375
2024-01-23,1312.7442626953125
2024-01-24,1327.8619384765625
2024-01-25,1336.9522705078125
2024-01-29,1430.7957763671875
2024-01-30,1390.852294921875
2024-01-31,1409.6259765625
2024-02-01,1409.650634765625
2024-02-02,1440.33056640625
2024-02-05,1421.878173828125
2024-02-06,1410.786865234375
2024-02-07,1424.9659423828125
2024-02-08,1432.845947265625
2024-02-09,1443.34423828125
2024-02-12,1435.04443359375
2024-02-13,1447.6424560546875
2024-02-14,1463.7235107421875
2024-02-15,1453.076904296875
2024-02-16,1443.17138671875
2024-02-19,1456.4364013671875
2024-02-20,1453.4970703125
2024-02-21,1450.2115478515625
2024-02-22,1464.093994140625
2024-02-23,1475.82763671875
2024-02-26,1469.6026611328125
2024-02-27,1467.9476318359375
2024-02-28,1438.2803955078125
2024-02-29,1443.393798828125
2024-03-01,1474.345458984375
2024-03-04,1489.4384765625
2024-03-05,1482.32421875
2024-03-06,1485.0909423828125
2024-03-07,1461.3028564453125
2024-03-11,1449.12451171875
2024-03-12,1457.8446044921875
2024-03-13,1415.10986328125
2024-03-14,1414.418212890625
2024-03-15,1401.3260498046875
2024-03-18,1422.32275390625
2024-03-19,1408.267333984375
2024-03-20,1426.5467529296875
2024-03-21,1433.685791015625
2024-03-22,1437.6875
2024-03-26,1424.3978271484375
2024-03-27,1475.0618896484375
2024-03-28,1468.145263671875
2024-04-01,1467.0831298828125
2024-04-02,1469.2320556640625
2024-04-03,1454.0650634765625
2024-04-04,1445.4935302734375
2024-04-05,1442.7020263671875
2024-04-08,1468.2686767578125
2024-04-09,1446.2098388671875
2024-04-10,1461.945068359375
2024-04-12,1449.6680908203125
2024-04-15,1447.3707275390625
2024-04-16,1448.2847900390625
2024-04-18,1446.8765869140625
2024-04-19,1452.607666015625
2024-04-22,1462.2166748046875
2024-04-23,1441.9364013671875
2024-04-24,1432.8953857421875
2024-04-25,1442.5784912109375
2024-04-26,1435.2421875
2024-04-29,1447.568359375
2024-04-30,1449.519775390625
2024-05-02,1449.0753173828125
2024-05-03,1416.9130859375
2024-05-06,1402.610595703125
2024-05-07,1384.775634765625
2024-05-08,1401.6473388671875
2024-05-09,1377.5133056640625
2024-05-10,1390.65478515625
2024-05-13,1385.986083984375
2024-05-14,1403.15380859375
2024-05-15,1399.3994140625
2024-05-16,1408.3660888671875
2024-05-17,1418.5928955078125
2024-05-21,1419.0128173828125
2024-05-22,1443.24560546875
2024-05-23,1468.3428955078125
2024-05-24,1462.6119384765625
2024-05-27,1448.77880859375
2024-05-28,1438.8485107421875
2024-05-29,1423.607421875
2024-05-30,1407.8720703125
2024-05-31,1413.35595703125
2024-06-03,1492.32861328125
2024-06-04,1380.625732421875
2024-06-05,1403.8209228515625
2024-06-06,1414.5416259765625
2024-06-07,1452.4345703125
2024-06-10,1453.867431640625
2024-06-11,1439.3179931640625
2024-06-12,1445.888671875
2024-06-13,1447.790771484375
2024-06-14,1459.9442138671875
2024-06-18,1463.3778076171875
2024-06-19,1441.2694091796875
2024-06-20,1456.14013671875
2024-06-21,1436.872314453125
2024-06-24,1424.2989501953125
2024-06-25,1436.822998046875
2024-06-26,1495.9844970703125
2024-06-27,1512.3126220703125
2024-06-28,1546.7474365234375
2024-07-01,1541.5599365234375
2024-07-02,1546.525146484375
2024-07-03,1533.927001953125
2024-07-04,1535.5079345703125
2024-07-05,1569.695556640625
2024-07-08,1581.824462890625
2024-07-09,1571.3260498046875
2024-07-10,1565.3480224609375
2024-07-11,1561.815673828125
2024-07-12,1577.6990966796875
2024-07-15,1578.1932373046875
2024-07-16,1557.4681396484375
2024-07-18,1567.7689208984375
2024-07-19,1536.6195068359375
2024-07-22,1482.793701171875
2024-07-23,1470.1707763671875
2024-07-24,1477.8778076171875
2024-07-25,1474.6171875
2024-07-26,1491.044189453125
2024-07-29,1501.9871826171875
2024-07-30,1495.119873046875
2024-07-31,1487.4869384765625
2024-08-01,1497.2445068359375
2024-08-02,1481.4595947265625
2024-08-05,1430.0792236328125
2024-08-06,1438.700439453125
2024-08-07,1447.3707275390625
2024-08-08,1431.85791015625
2024-08-09,1456.73291015625
2024-08-12,1443.2208251953125
2024-08-13,1446.1851806640625
2024-08-14,1444.4312744140625
2024-08-16,1460.58642578125
2024-08-19,1475.65625
2024-08-20,1483.1416015625
2024-08-21,1485.8433837890625
2024-08-22,1485.2979736328125
2024-08-23,1487.1322021484375
2024-08-26,1499.649169921875
2024-08-27,1487.6031494140625
2024-08-28,1485.4716796875
2024-08-29,1507.90283203125
2024-08-30,1496.6995849609375
2024-09-02,1503.2679443359375
2024-09-03,1496.203857421875
2024-09-04,1501.5823974609375
2024-09-05,1480.192138671875
2024-09-06,1452.2830810546875
2024-09-09,1449.928466796875
2024-09-10,1449.011474609375
2024-09-11,1439.072265625
2024-09-12,1467.1298828125
2024-09-13,1460.016357421875
2024-09-16,1458.7523193359375
2024-09-17,1459.6942138671875
2024-09-18,1450.9197998046875
2024-09-19,1457.0916748046875
2024-09-20,1473.2025146484375
2024-09-23,1480.5887451171875
2024-09-24,1476.6229248046875
2024-09-25,1481.15869140625
2024-09-26,1485.12451171875
2024-09-27,1513.10791015625
2024-09-30,1463.9324951171875
2024-10-01,1452.2830810546875
2024-10-03,1394.928466796875
2024-10-04,1374.653564453125
2024-10-07,1358.98876953125
2024-10-08,1385.3857421875
2024-10-09,1362.8306884765625
2024-10-10,1359.31103515625
2024-10-11,1360.35205078125
2024-10-14,1360.7734375
2024-10-15,1332.5174560546875
2024-10-16,1342.4814453125
2024-10-17,1344.811279296875
2024-10-18,1347.66162109375
2024-10-21,1357.4769287109375
2024-10-22,1331.84814453125
2024-10-23,1327.064453125
2024-10-24,1328.3287353515625
2024-10-25,1316.4808349609375
2024-10-28,1322.9251708984375
2024-10-29,1328.52685546875
2024-10-30,1332.3935546875
2024-10-31,1320.64501953125
2024-11-01,1327.1884765625
2024-11-04,1291.0009765625
2024-11-05,1294.1240234375
2024-11-06,1314.0023193359375
2024-11-07,1294.4710693359375
2024-11-08,1272.7584228515625
2024-11-11,1261.802978515625
2024-11-12,1263.33984375
2024-11-13,1241.3299560546875
2024-11-14,1256.746826171875
2024-11-18,1249.9554443359375
2024-11-19,1231.0189208984375
2024-11-21,1212.5286865234375
2024-11-22,1254.5655517578125
2024-11-25,1275.9805908203125
2024-11-26,1284.606201171875
2024-11-27,1282.1275634765625
2024-11-28,1259.91943359375
2024-11-29,1281.1361083984375
2024-12-02,1297.941162109375
2024-12-03,1311.9698486328125
2024-12-04,1297.74267578125
2024-12-05,1310.7305908203125
2024-12-06,1300.3204345703125
2024-12-09,1284.0609130859375
2024-12-10,1273.8489990234375
2024-12-11,1267.2559814453125
2024-12-12,1252.0870361328125
2024-12-13,1261.951904296875
2024-12-16,1257.44091796875
2024-12-17,1234.6376953125
2024-12-18,1242.5196533203125
2024-12-19,1219.914794921875
2024-12-20,1194.980224609375
2024-12-23,1211.834716796875
2024-12-24,1212.28076171875
2024-12-26,1206.1339111328125
2024-12-27,1210.595458984375
2024-12-30,1200.333984375
2024-12-31,1205.043212890625
